{
  "status_accuracy_percent": 76.79038580246915,
  "power_mae_mw": 12.860220909118652,
  "mismatch_mae_mw": 0.014968202449381351,
  "mismatch_percent_of_mean_demand": 0.0004127709260584779,
  "mismatch_max_mw": 269.3515625,
  "mismatch_p95_mw": 0.0,
  "mismatch_p99_mw": 0.000244140625,
  "mismatch_over_10mw_percent": 0.01916666666666667,
  "shortage_mae_mw": 0.014966227114200592,
  "excess_mae_mw": 1.975504574147635e-06,
  "ghost_power_mw": 0.0,
  "capacity_violation_mw": 0.0,
  "ramp_violation_mw": 0.0,
  "startup_cap_violation_mw": 0.0,
  "shutdown_cap_violation_mw": 0.0,
  "minimum_time_violations_total": 0,
  "cplex_average_daily_cost": 939381.6875,
  "ai_average_daily_cost": 982577.6875
}